Donor_ID,_PATIENT
SP101724,DO46416
SP79365,DO36062
SP98853,DO45049
SP106808,DO48578
SP102816,DO46853
SP116296,DO52532
SP112815,DO51064
SP112799,DO51056
SP59388,DO27821
SP107047,DO48701
SP102795,DO46847
SP103197,DO46973
SP116965,DO51493
SP102617,DO46785
SP107050,DO48703
SP102103,DO46581
SP79237,DO35934
SP111006,DO50332
SP79462,DO36159
SP116649,DO52667
SP79201,DO35898
SP77930,DO35184
SP76057,DO34616
SP99261,DO45269
SP78816,DO35619
SP102605,DO46781
SP59416,DO27835
SP78663,DO35542
SP69565,DO32831
SP107052,DO48704
SP75202,DO34432
SP13291,DO6362
SP78709,DO35564
SP102827,DO46856
SP110736,DO32860
SP117086,DO51181
SP116254,DO52510
SP107774,DO49076
SP124977,DO221127
SP117700,DO51175
SP13514,DO6585
SP79371,DO36068
SP107462,DO48943
SP78951,DO35753
SP99269,DO45273
SP59356,DO27805
SP98855,DO45051
SP99271,DO45273
SP135339,DO52132
SP112829,DO51071
SP116612,DO52651
SP125807,DO221540
SP112835,DO51074
SP107056,DO48706
SP116256,DO52510
SP124389,DO220887
SP135184,DO222286
SP112955,DO51134
SP115117,DO7304
SP110846,DO50309
SP102174,DO46606
SP125696,DO51467
SP125725,DO51524
SP125752,DO51500
SP112807,DO51060
SP107060,DO48709
SP124362,DO220872
SP118048,DO49418
SP115114,DO7280
SP107435,DO48917
SP135324,DO52128
SP116274,DO52513
SP99279,DO45277
SP114910,DO51954
SP114906,DO51954
SP114921,DO51955
SP114901,DO51953
SP114926,DO51956
SP114974,DO51964
SP114958,DO51960
SP114935,DO51956
SP114900,DO51953
SP114941,DO51958
SP114937,DO51958
SP114945,DO51958
SP114943,DO51958
SP114949,DO51959
SP114960,DO51960
SP114962,DO51962
SP114996,DO51965
SP114987,DO51965
SP114966,DO51962
SP114903,DO51953
SP114914,DO51954
SP114944,DO51958
SP114930,DO51956
SP114946,DO51959
SP114951,DO51959
SP114953,DO51960
SP114924,DO51955
SP114957,DO51960
SP114986,DO51964
SP114971,DO51964
SP114991,DO51965
SP114992,DO51965
SP114920,DO51954
SP114898,DO51953
SP114932,DO51956
SP114934,DO51956
SP114968,DO51962
SP114982,DO51964
SP114973,DO51964
SP114908,DO51954
SP114904,DO51954
SP114918,DO51954
SP114984,DO51964
SP114994,DO51965
SP114978,DO51964
SP114912,DO51954
SP114917,DO51954
SP114980,DO51964
SP114976,DO51964
SP114916,DO51954
SP79439,DO36135
SP112953,DO51133
SP107063,DO48712
SP110779,DO33488
SP101622,DO46372
SP116659,DO52671
SP78679,DO35558
SP107068,DO48715
SP107360,DO48892
SP135226,DO217867
SP102529,DO46757
SP116668,DO52674
SP111086,DO50328
SP101845,DO46473
SP112911,DO51112
SP107071,DO48716
SP111096,DO50357
SP111021,DO50356
SP117981,DO49442
SP117260,DO218075
SP107805,DO49087
SP125749,DO51535
SP107073,DO48717
SP124394,DO220889
SP112847,DO51080
SP98896,DO45091
SP99003,DO45141
SP98859,DO45055
SP13279,DO6351
SP110789,DO34680
SP13487,DO6558
SP79175,DO35871
SP112859,DO51086
SP116259,DO52511
SP102161,DO46597
SP116630,DO52659
SP112919,DO51116
SP101654,DO46382
SP125762,DO51536
SP107076,DO48719
SP79354,DO36051
SP78819,DO35622
SP78821,DO35624
SP124334,DO220862
SP116290,DO52526
SP117164,DO49422
SP13361,DO6432
SP107552,DO48969
SP111058,DO50411
SP79184,DO35880
SP107078,DO48720
SP124339,DO220863
SP78865,DO35668
SP59412,DO27833
SP13421,DO6492
SP103233,DO46984
SP124454,DO220909
SP70122,DO32984
SP102652,DO46796
SP98865,DO45061
SP116686,DO52682
SP116738,DO52703
SP78673,DO35552
SP13293,DO6364
SP116258,DO52510
SP103507,DO47088
SP116694,DO52685
SP107080,DO48721
SP103100,DO46945
SP116712,DO52691
SP111092,DO50341
SP98898,DO45092
SP102074,DO46566
SP102507,DO46749
SP124380,DO220885
SP117002,DO49430
SP117158,DO51513
SP107084,DO48723
SP125691,DO51491
SP112981,DO51147
SP107088,DO48725
SP78824,DO35627
SP98879,DO45075
SP107550,DO48968
SP78718,DO35573
SP13281,DO6353
SP107091,DO48727
SP125721,DO35376
SP79312,DO36009
SP102620,DO46787
SP135436,DO218547
SP116726,DO52665
SP102485,DO46744
SP71404,DO33344
SP124273,DO220843
SP76955,DO34817
SP107094,DO48728
SP125753,DO35230
SP117043,DO51171
SP135262,DO218442
SP111076,DO50336
SP112987,DO51150
SP116261,DO52511
SP13677,DO6748
SP23463,DO10821
SP112224,DO50820
SP107097,DO48730
SP117972,DO51544
SP109002,DO49532
SP107781,DO49078
SP98871,DO45067
SP124357,DO220870
SP116723,DO52695
SP135431,DO218223
SP103416,DO47056
SP124399,DO220890
SP116268,DO52512
SP112825,DO51069
SP124311,DO220855
SP107101,DO48732
SP112967,DO51140
SP13399,DO6470
SP98900,DO45093
SP70202,DO33008
SP117655,DO218440
SP107104,DO48733
SP135496,DO52164
SP102622,DO46788
SP23471,DO10825
SP112785,DO51049
SP70677,DO33128
SP107358,DO48890
SP111098,DO50445
SP107109,DO48736
SP117124,DO217950
SP117932,DO218697
SP78731,DO35586
SP107455,DO48936
SP70082,DO32972
SP124355,DO220847
SP70288,DO33032
SP99287,DO45281
SP70266,DO33028
SP116732,DO52700
SP107111,DO48737
SP59276,DO27765
SP125726,DO51537
SP115073,DO51967
SP124434,DO220901
SP125800,DO51508
SP107115,DO48738
SP107549,DO48967
SP116703,DO52688
SP98902,DO45094
SP111039,DO50390
SP107956,DO49138
SP59312,DO27783
SP107119,DO48741
SP124428,DO220899
SP117745,DO49457
SP98904,DO45095
SP99293,DO45283
SP117351,DO51492
SP111052,DO50405
SP70956,DO33208
SP124449,DO220907
SP79252,DO35949
SP135425,DO218136
SP101694,DO46402
SP117228,DO51176
SP13307,DO6378
SP99289,DO45281
SP118044,DO51185
SP78814,DO35617
SP13299,DO6370
SP124298,DO220851
SP111166,DO50442
SP98909,DO45096
SP116266,DO52512
SP107121,DO48742
SP116701,DO52687
SP124431,DO220900
SP112793,DO51053
SP111014,DO50350
SP117980,DO49442
SP59296,DO27775
SP117984,DO51172
SP111066,DO50342
SP103005,DO46913
SP107123,DO48743
SP117878,DO35144
SP79294,DO35991
SP13481,DO6552
SP101616,DO46370
SP107357,DO48889
SP59280,DO27767
SP59344,DO27799
SP125805,DO49448
SP101666,DO46388
SP111094,DO50343
SP101558,DO46344
SP116264,DO52512
SP98907,DO45096
SP108017,DO49166
SP107132,DO48747
SP78013,DO35152
SP118083,DO51489
SP79246,DO35943
SP59460,DO27857
SP125772,DO35222
SP112963,DO51138
SP107136,DO48751
SP116780,DO52724
SP107141,DO48753
SP117216,DO35258
SP111015,DO50439
SP124396,DO220874
SP112801,DO51057
SP98913,DO45097
SP59404,DO27829
SP107146,DO48757
SP13289,DO6360
SP116269,DO52512
SP125784,DO221546
SP78919,DO35721
SP112997,DO51155
SP124409,DO220875
SP112973,DO51143
SP107150,DO48759
SP135222,DO218728
SP107453,DO48934
SP135346,DO52134
SP116742,DO52705
SP98915,DO45099
SP107152,DO48760
SP117323,DO35082
SP110853,DO50315
SP102759,DO46838
SP78719,DO35574
SP78662,DO35541
SP107155,DO48761
SP112819,DO51066
SP118046,DO51518
SP71536,DO33392
SP70756,DO33160
SP109001,DO49531
SP111051,DO50402
SP116275,DO52513
SP112125,DO50772
SP135492,DO52162
SP77888,DO35148
SP102741,DO46832
SP23435,DO10807
SP98921,DO45101
SP124341,DO220864
SP135230,DO218088
SP102945,DO46893
SP107457,DO48937
SP112130,DO50774
SP117189,DO218012
SP124353,DO220869
SP112941,DO51127
SP124278,DO220844
SP107404,DO48911
SP112133,DO50776
SP110855,DO50316
SP98925,DO45103
SP111004,DO50331
SP98867,DO45064
SP79458,DO36155
SP79222,DO35919
SP111078,DO50436
SP13433,DO6504
SP125766,DO51549
SP112965,DO51139
SP112138,DO50778
SP110863,DO50437
SP102573,DO46771
SP101682,DO46396
SP78714,DO35569
SP135205,DO222276
SP112141,DO50780
SP111013,DO50349
SP98927,DO45105
SP107454,DO48935
SP125737,DO51541
SP79178,DO35874
SP99297,DO45285
SP115064,DO7024
SP112791,DO51052
SP124376,DO220883
SP125763,DO51527
SP125802,DO51532
SP23447,DO10813
SP111042,DO50395
SP112147,DO50783
SP111040,DO50392
SP102096,DO46576
SP135460,DO52152
SP117667,DO51177
SP103826,DO47234
SP103706,DO47162
SP98861,DO45057
SP78927,DO35729
SP112152,DO50785
SP79474,DO36171
SP76675,DO34736
SP116709,DO52690
SP111031,DO50374
SP102897,DO46877
SP116255,DO52510
SP79387,DO36083
SP106815,DO48581
SP23496,DO10839
SP71480,DO33376
SP102084,DO46568
SP112156,DO50787
SP98933,DO45107
SP70313,DO33042
SP23455,DO10817
SP112160,DO50789
SP111030,DO50372
SP13359,DO6430
SP59448,DO27851
SP107359,DO48891
SP98937,DO45109
SP73319,DO33984
SP112165,DO50791
SP111019,DO50355
SP23475,DO10829
SP116614,DO52652
SP112949,DO51131
SP116734,DO52701
SP59464,DO27859
SP117656,DO51495
SP116770,DO52719
SP78664,DO35543
SP13323,DO6394
SP112168,DO50793
SP98941,DO45111
SP77872,DO35138
SP117309,DO49466
SP117201,DO49424
SP112170,DO50793
SP112857,DO51085
SP116227,DO52504
SP59364,DO27809
SP112174,DO50796
SP101580,DO46354
SP98945,DO45113
SP111026,DO50447
SP110860,DO50320
SP112843,DO51078
SP112178,DO50798
SP125685,DO51472
SP98877,DO45073
SP78931,DO35733
SP112915,DO51114
SP79306,DO36003
SP13367,DO6438
SP112180,DO50799
SP112837,DO51075
SP117463,DO35126
SP106734,DO48545
SP98949,DO45115
SP112182,DO50800
SP116226,DO52503
SP102881,DO46873
SP78815,DO35618
SP98953,DO45117
SP112823,DO51068
SP116663,DO52672
SP117568,DO35236
SP102064,DO46561
SP97775,DO44832
SP117217,DO218034
SP125717,DO51470
SP79270,DO35967
SP112186,DO50802
SP102633,DO46793
SP110851,DO50314
SP98955,DO45119
SP96882,DO6934
SP112188,DO50803
SP111059,DO50412
SP117796,DO51178
SP112899,DO51106
SP107466,DO48946
SP78901,DO35704
SP103715,DO47165
SP112190,DO50804
SP135180,DO222275
SP79210,DO35907
SP102929,DO46889
SP79427,DO36123
SP115134,DO7358
SP107384,DO48906
SP79297,DO35994
SP59444,DO27849
SP125707,DO51521
SP107467,DO48948
SP112192,DO50805
SP125794,DO51534
SP125756,DO51476
SP116690,DO52684
SP23443,DO10811
SP102537,DO46759
SP13283,DO6354
SP112194,DO50806
SP116728,DO52698
SP13478,DO6549
SP117441,DO49478
SP98959,DO45121
SP78680,DO35559
SP125780,DO51543
SP112893,DO51103
SP116260,DO52511
SP112196,DO50807
SP107813,DO49090
SP109006,DO49536
SP112947,DO51130
SP78672,DO35551
SP59270,DO27763
SP135427,DO52144
SP107365,DO48896
SP78660,DO35539
SP59352,DO27803
SP78659,DO35538
SP112198,DO50808
SP77339,DO32976
SP135213,DO218282
SP116652,DO52668
SP78913,DO35715
SP112985,DO51149
SP116715,DO52692
SP116718,DO52693
SP124346,DO220866
SP101564,DO46346
SP112895,DO51104
SP112201,DO50809
SP117556,DO218351
SP98889,DO45085
SP98965,DO45123
SP112205,DO50811
SP103619,DO47132
SP98887,DO45083
SP101921,DO46498
SP103844,DO47243
SP103128,DO46953
SP98875,DO45071
SP117627,DO218417
SP112208,DO50813
SP116744,DO52706
SP115093,DO7112
SP76017,DO34288
SP135334,DO52131
SP98967,DO45125
SP125764,DO49419
SP124439,DO220903
SP78813,DO35616
SP116280,DO52516
SP101648,DO46380
SP78953,DO35755
SP103300,DO47004
SP112210,DO50814
SP124351,DO220868
SP76915,DO34809
SP111062,DO50334
SP112211,DO50814
SP79368,DO36065
SP117690,DO49427
SP98973,DO45127
SP111170,DO50444
SP79351,DO36048
SP71974,DO33552
SP125732,DO35442
SP13315,DO6386
SP79300,DO35997
SP101628,DO46374
SP112213,DO50815
SP125742,DO35360
SP125804,DO221544
SP77443,DO34961
SP116224,DO52501
SP50097,DO23508
SP112215,DO50816
SP102626,DO46790
SP98851,DO45047
SP102517,DO46753
SP78804,DO35611
SP13331,DO6402
SP135217,DO218517
SP112217,DO50817
SP124406,DO220893
SP117493,DO51173
SP125695,DO35496
SP111054,DO50407
SP77986,DO35200
SP98975,DO45129
SP117775,DO218550
SP112219,DO50818
SP124323,DO220858
SP116720,DO52694
SP106722,DO48541
SP79435,DO36131
SP107460,DO48940
SP107548,DO48966
SP98833,DO45029
SP59284,DO27769
SP79288,DO35985
SP112221,DO50819
SP78730,DO35585
SP135434,DO52146
SP124391,DO220888
SP108998,DO49528
SP112228,DO50822
SP124423,DO220897
SP106753,DO48554
SP50099,DO23509
SP117332,DO218139
SP112795,DO51054
SP78727,DO35582
SP112927,DO51120
SP102523,DO46755
SP99301,DO45287
SP78822,DO35625
SP107375,DO48901
SP98981,DO45131
SP70178,DO33000
SP115108,DO7196
SP101708,DO46408
SP112234,DO50825
SP116618,DO52654
SP78818,DO35621
SP103057,DO46929
SP124382,DO220886
SP78923,DO35725
SP112779,DO51046
SP99305,DO45289
SP107405,DO48912
SP98985,DO45133
SP112975,DO51144
SP102055,DO46560
SP125689,DO51520
SP135405,DO218769
SP112237,DO50827
SP116249,DO52509
SP98989,DO45135
SP112241,DO50829
SP98873,DO45069
SP102591,DO46777
SP107437,DO48919
SP78675,DO35554
SP102547,DO46763
SP59436,DO27845
SP116752,DO52710
SP107920,DO49129
SP107371,DO48899
SP111033,DO50449
SP79447,DO36143
SP116232,DO52509
SP112245,DO50831
SP103340,DO47016
SP124415,DO220877
SP111113,DO50450
SP135192,DO218067
SP118043,DO51182
SP110798,DO34336
SP117523,DO49454
SP107952,DO49137
SP99309,DO45291
SP115085,DO7084
SP98991,DO45137
SP112867,DO51090
SP112903,DO51108
SP112933,DO51123
SP112869,DO51091
SP79403,DO36099
SP116645,DO52664
SP112248,DO50832
SP125694,DO51490
SP79377,DO36074
SP116251,DO52509
SP125745,DO49433
SP115102,DO7166
SP112051,DO23543
SP107556,DO48973
SP124436,DO220902
SP135478,DO52156
SP135238,DO218019
SP116272,DO52513
SP98997,DO45139
SP117001,DO49484
SP110865,DO50323
SP111061,DO50330
SP112252,DO50834
SP79327,DO36024
SP59320,DO27787
SP99001,DO45141
SP70465,DO33077
SP78807,DO35613
SP135270,DO218673
SP117949,DO51514
SP112257,DO50837
SP99007,DO45143
SP117653,DO49481
SP101634,DO46376
SP13379,DO6450
SP112261,DO50839
SP50101,DO23510
SP102913,DO46881
SP116286,DO52522
SP79324,DO36021
SP112265,DO50840
SP124460,DO220912
SP101588,DO46358
SP135411,DO217896
SP117522,DO49454
SP116672,DO52676
SP78945,DO35747
SP70780,DO33152
SP112268,DO50842
SP112999,DO51156
SP111101,DO50362
SP79359,DO36057
SP112939,DO51126
SP99011,DO45145
SP102561,DO46767
SP110859,DO50319
SP112269,DO50842
SP79330,DO36027
SP125710,DO51484
SP117214,DO49421
SP99013,DO45147
SP102783,DO46844
SP110803,DO34504
SP112273,DO50844
SP101584,DO46356
SP135274,DO52122
SP101686,DO46398
SP112274,DO50844
SP116750,DO52709
SP116282,DO52518
SP116288,DO52524
SP103080,DO46937
SP107436,DO48918
SP124425,DO220898
SP112921,DO51117
SP50105,DO23512
SP135188,DO222299
SP106797,DO48573
SP112276,DO50845
SP79391,DO36087
SP135488,DO52161
SP115125,DO7328
SP99019,DO45149
SP112901,DO51107
SP99313,DO45293
SP79399,DO36095
SP101532,DO46333
SP125768,DO51529
SP23467,DO10823
SP116263,DO52511
SP101732,DO46420
SP99317,DO45295
SP79150,DO35847
SP111168,DO50443
SP107546,DO48964
SP99021,DO45151
SP117722,DO51540
SP124456,DO220910
SP112283,DO50848
SP112831,DO51072
SP79243,DO35940
SP116635,DO52661
SP107915,DO49127
SP124367,DO220881
SP135480,DO52158
SP135455,DO52151
SP112288,DO50850
SP125699,DO35290
SP103436,DO47064
SP71132,DO33264
SP107459,DO48939
SP99025,DO45151
SP125771,DO35116
SP125719,DO51479
SP112891,DO51102
SP112290,DO50851
SP116292,DO52528
SP71552,DO33400
SP102804,DO46850
SP101528,DO46331
SP69573,DO32833
SP116248,DO52503
SP124281,DO220845
SP99029,DO45153
SP99321,DO45297
SP117648,DO51546
SP79192,DO35889
SP102957,DO46897
SP125760,DO51481
SP78823,DO35626
SP75681,DO34264
SP99325,DO45299
SP117779,DO218554
SP99033,DO45155
SP115089,DO7108
SP59328,DO27791
SP124377,DO220884
SP99329,DO45301
SP98883,DO45079
SP111067,DO50354
SP107874,DO49113
SP125770,DO51474
SP112775,DO51044
SP111036,DO50381
SP99333,DO45303
SP99037,DO45157
SP116627,DO52658
SP135389,DO52139
SP96884,DO6940
SP117712,DO218491
SP77956,DO35118
SP112897,DO51105
SP99337,DO45305
SP116725,DO52696
SP102873,DO46869
SP111116,DO50385
SP98849,DO45045
SP116276,DO52514
SP112885,DO51099
SP79395,DO36091
SP111099,DO50446
SP102597,DO46779
SP99041,DO45159
SP99341,DO45307
SP112789,DO51051
SP13297,DO6368
SP110816,DO34720
SP135194,DO224498
SP124412,DO220894
SP103213,DO46977
SP78666,DO35545
SP99345,DO45309
SP99045,DO45161
SP125785,DO51522
SP102489,DO46745
SP23502,DO10858
SP77203,DO34905
SP76515,DO34696
SP125706,DO51510
SP112300,DO50855
SP125705,DO51542
SP111069,DO50365
SP99049,DO45163
SP13339,DO6410
SP116265,DO52512
SP125715,DO51488
SP102630,DO46792
SP78721,DO35576
SP112304,DO50857
SP135186,DO222292
SP116267,DO52512
SP124333,DO220861
SP112971,DO51142
SP50107,DO23513
SP97685,DO44744
SP135420,DO217822
SP124359,DO220871
SP116962,DO35098
SP124286,DO220848
SP78665,DO35544
SP110770,DO33168
SP117660,DO51468
SP112310,DO50859
SP13671,DO6742
SP79195,DO35892
SP111043,DO50398
SP99053,DO45165
SP69812,DO32893
SP101536,DO46334
SP112821,DO51067
SP112813,DO51063
SP99057,DO45167
SP98869,DO45065
SP99061,DO45169
SP59292,DO27773
SP117643,DO35350
SP135258,DO218230
SP116683,DO52681
SP125713,DO221541
SP50109,DO23514
SP59372,DO27813
SP112961,DO51137
SP124329,DO220860
SP99065,DO45171
SP78935,DO35737
SP76136,DO32900
SP70106,DO32980
SP116253,DO52509
SP112977,DO51145
SP106993,DO48672
SP103467,DO47076
SP135410,DO52141
SP116610,DO52650
SP50111,DO23515
SP116638,DO52662
SP112905,DO51109
SP102647,DO46795
SP107458,DO48938
SP107408,DO48916
SP79318,DO36015
SP101576,DO46352
SP116776,DO52722
SP13683,DO6754
SP59336,DO27795
SP99069,DO45173
SP103261,DO46992
SP79160,DO35857
SP135234,DO217814
SP112873,DO51093
SP102015,DO46542
SP107479,DO48959
SP108059,DO49181
SP108020,DO49168
SP99073,DO45175
SP124971,DO221124
SP117760,DO51507
SP23481,DO10835
SP124326,DO220859
SP102168,DO46602
SP79282,DO35979
SP98893,DO45089
SP99077,DO45177
SP107377,DO48902
SP112959,DO51136
SP98847,DO45043
SP101716,DO46412
SP112931,DO51122
SP78937,DO35739
SP116968,DO51506
SP112865,DO51089
SP125775,DO51477
SP116758,DO52713
SP135372,DO52137
SP117223,DO51170
SP99081,DO45179
SP113003,DO51158
SP124458,DO220911
SP135328,DO52129
SP116782,DO52725
SP79261,DO35959
SP97747,DO44806
SP76867,DO34793
SP99085,DO45181
SP116665,DO52673
SP111024,DO50364
SP113001,DO51157
SP99089,DO45183
SP107444,DO48925
SP103156,DO46961
SP79228,DO35925
SP13317,DO6388
SP116674,DO52677
SP103288,DO47000
SP99093,DO45185
SP111011,DO50345
SP125731,DO51501
SP79144,DO35841
SP125733,DO51499
SP107469,DO48950
SP107373,DO48900
SP108088,DO49193
SP115128,DO51989
SP112879,DO51096
SP116754,DO52711
SP116766,DO52717
SP99097,DO45187
SP78502,DO35216
SP79431,DO36127
SP111082,DO50338
SP111074,DO50403
SP116657,DO52670
SP72118,DO33600
SP99101,DO45189
SP98881,DO45077
SP107406,DO48914
SP101592,DO46360
SP135403,DO52140
SP106998,DO48674
SP125791,DO51498
SP102557,DO46765
SP79172,DO35869
SP79234,DO35931
SP99105,DO45191
SP116233,DO52510
SP135444,DO52148
SP103444,DO47068
SP125755,DO51515
SP117376,DO218180
SP110845,DO50307
SP99109,DO45193
SP116284,DO52520
SP117340,DO51469
SP125781,DO35228
SP107369,DO48898
SP106750,DO48553
SP110857,DO50318
SP99113,DO45195
SP125783,DO51504
SP107403,DO48909
SP112945,DO51129
SP117017,DO217850
SP50113,DO23516
SP124401,DO220891
SP112935,DO51124
SP116670,DO52675
SP50115,DO23517
SP116748,DO52708
SP103685,DO47156
SP50117,DO23518
SP111017,DO50440
SP101658,DO46384
SP116642,DO52663
SP116270,DO52513
SP107004,DO48677
SP111080,DO50396
SP23506,DO10844
SP107363,DO48895
SP78955,DO35757
SP111075,DO50410
SP116606,DO52648
SP71734,DO33472
SP115070,DO6474
SP76001,DO34608
SP79345,DO36042
SP99117,DO45197
SP116257,DO52510
SP102511,DO46751
SP99121,DO45199
SP111112,DO50448
SP108033,DO49172
SP124264,DO220841
SP102045,DO46556
SP116604,DO52647
SP115131,DO51992
SP110822,DO34640
SP107007,DO48679
SP112863,DO51088
SP127706,DO221548
SP117681,DO218462
SP99125,DO45201
SP124384,DO220878
SP116950,DO49460
SP111001,DO50326
SP112983,DO51148
SP103140,DO46957
SP79342,DO36039
SP115097,DO7124
SP99129,DO45203
SP112809,DO51061
SP111027,DO50367
SP103673,DO47150
SP69762,DO32878
SP111117,DO50387
SP78711,DO35566
SP99133,DO45205
SP101552,DO46342
SP116298,DO52534
SP59376,DO27815
SP125712,DO51497
SP101519,DO46327
SP102839,DO46859
SP110842,DO50306
SP50119,DO23519
SP107945,DO49135
SP135293,DO217817
SP117031,DO217864
SP107770,DO49074
SP102541,DO46761
SP99137,DO45207
SP73263,DO33960
SP77131,DO34849
SP112923,DO51118
SP50121,DO23520
SP78677,DO35556
SP108999,DO49529
SP112853,DO51083
SP124403,DO220892
SP125716,DO51465
SP50123,DO23521
SP79415,DO36111
SP125786,DO51486
SP115060,DO7018
SP79407,DO36103
SP13594,DO6665
SP99141,DO45209
SP124462,DO220913
SP103245,DO46988
SP111173,DO50452
SP50125,DO23522
SP116294,DO52530
SP96834,DO6898
SP115057,DO6428
SP113005,DO51159
SP78805,DO35612
SP59272,DO27764
SP102567,DO46769
SP79374,DO36071
SP75322,DO34448
SP107461,DO48941
SP107472,DO48952
SP99145,DO45211
SP112957,DO51135
SP99149,DO45213
SP111008,DO50340
SP124969,DO221123
SP125693,DO51478
SP107356,DO48888
SP116768,DO52718
SP116608,DO52649
SP78825,DO35628
SP117595,DO51184
SP112783,DO51048
SP101690,DO46400
SP23439,DO10809
SP59396,DO27825
SP111070,DO50382
SP13442,DO6513
SP50129,DO23524
SP107468,DO48949
SP102123,DO46588
SP78851,DO35654
SP13325,DO6396
SP99153,DO45215
SP116949,DO51494
SP79291,DO35988
SP109007,DO49537
SP110847,DO50311
SP78533,DO35085
SP78726,DO35581
SP99157,DO45217
SP23483,DO10837
SP107379,DO48904
SP116262,DO52511
SP79336,DO36033
SP99161,DO45219
SP112943,DO51128
SP116688,DO52683
SP135440,DO52147
SP135296,DO52125
SP103037,DO46921
SP98841,DO45037
SP112861,DO51087
SP103408,DO47052
SP99165,DO45221
SP59392,DO27823
SP112925,DO51119
SP112917,DO51115
SP124271,DO220842
SP70046,DO32960
SP124336,DO220846
SP116228,DO52505
SP112787,DO51050
SP50131,DO23525
SP124452,DO220908
SP70932,DO33200
SP117294,DO51169
SP135363,DO52136
SP135393,DO218443
SP116222,DO52499
SP102499,DO46747
SP111077,DO50346
SP117215,DO51473
SP50133,DO23526
SP117040,DO49445
SP117951,DO51174
SP71758,DO33480
SP98845,DO45041
SP79380,DO36077
SP107438,DO48920
SP99169,DO45223
SP107478,DO48958
SP71228,DO33288
SP117476,DO51485
SP111091,DO50339
SP101662,DO46386
SP13385,DO6456
SP50135,DO23527
SP103021,DO46917
SP117085,DO51179
SP116985,DO49439
SP125769,DO221542
SP50137,DO23528
SP78716,DO35571
SP111072,DO50383
SP101600,DO46364
SP99173,DO45225
SP111084,DO50393
SP103679,DO47153
SP59456,DO27855
SP23504,DO10843
SP78676,DO35555
SP103065,DO46933
SP99177,DO45227
SP59348,DO27801
SP112995,DO51154
SP79455,DO36151
SP102965,DO46901
SP23500,DO10841
SP103221,DO46980
SP117759,DO218535
SP79181,DO35877
SP76353,DO34656
SP79207,DO35904
SP99181,DO45229
SP101544,DO46338
SP69587,DO32837
SP125778,DO221545
SP102133,DO46591
SP117440,DO35305
SP135299,DO218030
SP59300,DO27777
SP125746,DO35083
SP79190,DO35886
SP79303,DO36000
SP101881,DO46488
SP112811,DO51062
SP99185,DO45231
SP117408,DO218211
SP116736,DO52702
SP125730,DO51523
SP124386,DO220879
SP124441,DO220904
SP107443,DO48924
SP135415,DO218774
SP23451,DO10815
SP59340,DO27797
SP59380,DO27817
SP107361,DO48893
SP50139,DO23529
SP79258,DO35955
SP112797,DO51055
SP107010,DO48681
SP107464,DO48945
SP106669,DO48520
SP13619,DO6690
SP99189,DO45233
SP125686,DO51528
SP112909,DO51111
SP115111,DO7214
SP125758,DO51466
SP112781,DO51047
SP50141,DO23530
SP77848,DO35114
SP103547,DO47104
SP78717,DO35572
SP99193,DO45235
SP102973,DO46905
SP103515,DO47092
SP102035,DO46551
SP106801,DO48574
SP117974,DO51496
SP116247,DO52502
SP116760,DO52714
SP50145,DO23532
SP78671,DO35550
SP135310,DO218487
SP13311,DO6382
SP78817,DO35620
SP50147,DO23533
SP102747,DO46834
SP107381,DO48905
SP13509,DO6580
SP59440,DO27847
SP112991,DO51152
SP107012,DO48682
SP135335,DO218031
SP117911,DO49436
SP135316,DO52127
SP101642,DO46378
SP50149,DO23534
SP79249,DO35946
SP103730,DO47171
SP107017,DO48684
SP107463,DO48944
SP124418,DO220895
SP111029,DO50370
SP103535,DO47100
SP79321,DO36018
SP117165,DO35424
SP135305,DO52126
SP13539,DO6610
SP111175,DO50406
SP124291,DO220849
SP118015,DO218773
SP117412,DO51511
SP13624,DO6695
SP107019,DO48686
SP124319,DO220857
SP112907,DO51110
SP69898,DO32916
SP111049,DO50401
SP117650,DO51509
SP107477,DO48957
SP97749,DO44808
SP79423,DO36119
SP23498,DO10840
SP107023,DO48687
SP78661,DO35540
SP117076,DO35330
SP102718,DO46827
SP78939,DO35741
SP78674,DO35553
SP107553,DO48970
SP50151,DO23535
SP125757,DO35454
SP59428,DO27841
SP112817,DO51065
SP116225,DO52502
SP107555,DO48972
SP101596,DO46362
SP79219,DO35916
SP50153,DO23536
SP103483,DO47080
SP78713,DO35568
SP111002,DO50327
SP59400,DO27827
SP102581,DO46773
SP75977,DO34600
SP99197,DO45237
SP101670,DO46390
SP98839,DO45035
SP70226,DO33016
SP79240,DO35937
SP78720,DO35575
SP50155,DO23537
SP125711,DO51538
SP112993,DO51153
SP78947,DO35749
SP125811,DO51533
SP99201,DO45239
SP110866,DO50438
SP112827,DO51070
SP116746,DO52707
SP116273,DO52513
SP79255,DO35952
SP124305,DO220853
SP112855,DO51084
SP103428,DO47060
SP50157,DO23538
SP101674,DO46392
SP116624,DO52657
SP125723,DO51487
SP101572,DO46350
SP99205,DO45241
SP97771,DO44828
SP106718,DO48539
SP108068,DO49184
SP101678,DO46394
SP102755,DO46836
SP50159,DO23539
SP111035,DO50451
SP78875,DO35678
SP79466,DO36163
SP135451,DO52150
SP13490,DO6561
SP125809,DO51548
SP103694,DO47159
SP107554,DO48971
SP107407,DO48915
SP50161,DO23540
SP59432,DO27843
SP135354,DO52135
SP111009,DO50435
SP112969,DO51141
SP59452,DO27853
SP116221,DO52498
SP107025,DO48689
SP135323,DO217818
SP99209,DO45243
SP116774,DO52721
SP79357,DO36054
SP78820,DO35623
SP101740,DO46424
SP125722,DO221543
SP78668,DO35547
SP135390,DO222288
SP107784,DO49079
SP103595,DO47124
SP107547,DO48965
SP101700,DO46404
SP79443,DO36139
SP117908,DO35128
SP101891,DO46493
SP99213,DO45245
SP111114,DO50384
SP115105,DO7172
SP112937,DO51125
SP125741,DO51531
SP116271,DO52513
SP103396,DO47048
SP79285,DO35982
SP116679,DO52680
SP116676,DO52679
SP102143,DO46593
SP135278,DO218484
SP107028,DO48691
SP112883,DO51098
SP135287,DO218693
SP102611,DO46783
SP59360,DO27807
SP13278,DO6350
SP135448,DO52149
SP117758,DO51187
SP112929,DO51121
SP110824,DO34728
SP112833,DO51073
SP79470,DO36167
SP102113,DO46586
SP50163,DO23541
SP76891,DO34801
SP23459,DO10819
SP111000,DO50325
SP59384,DO27819
SP135345,DO218243
SP79309,DO36006
SP135282,DO52123
SP99217,DO45247
SP23479,DO10833
SP79383,DO36080
SP111045,DO50399
SP79187,DO35883
SP116756,DO52712
SP102716,DO46826
SP124447,DO220906
SP102733,DO46830
SP125724,DO35136
SP110861,DO50321
SP13319,DO6390
SP135288,DO52124
SP79315,DO36012
SP59332,DO27793
SP99221,DO45249
SP111047,DO50454
SP124344,DO220865
SP102989,DO46909
SP135475,DO52155
SP76843,DO34785
SP50165,DO23542
SP117037,DO51505
SP13280,DO6352
SP79148,DO35845
SP107030,DO48692
SP116616,DO52653
SP124369,DO220882
SP117509,DO218306
SP124981,DO221129
SP50167,DO23543
SP135416,DO52142
SP112777,DO51045
SP101521,DO46328
SP101526,DO46330
SP125777,DO221547
SP99225,DO45251
SP117291,DO49451
SP117331,DO51180
SP71456,DO33368
SP79264,DO35961
SP103603,DO47128
SP59368,DO27811
SP79333,DO36030
SP99229,DO45253
SP116223,DO52500
SP79204,DO35901
SP125793,DO51525
SP101540,DO46336
SP125744,DO51480
SP99233,DO45255
SP125795,DO51519
SP107386,DO48907
SP111088,DO50329
SP117621,DO218411
SP101604,DO46366
SP116648,DO52666
SP107032,DO48693
SP111056,DO50408
SP111089,DO50434
SP98843,DO45039
SP108065,DO49183
SP59420,DO27837
SP50169,DO23544
SP78921,DO35723
SP107545,DO48963
SP79419,DO36115
SP13363,DO6434
SP79198,DO35895
SP79339,DO36036
SP124348,DO220867
SP111038,DO50388
SP98863,DO45059
SP135209,DO218089
SP50171,DO23545
SP124295,DO220850
SP13347,DO6418
SP116730,DO52699
SP116706,DO52689
SP102921,DO46885
SP116229,DO52506
SP98891,DO45087
SP117425,DO218227
SP110849,DO50453
SP50173,DO23546
SP70860,DO33184
SP125797,DO51475
SP125703,DO221539
SP107440,DO48922
SP79066,DO35763
SP135468,DO52154
SP50175,DO23547
SP112887,DO51100
SP135240,DO222285
SP71084,DO33248
SP23477,DO10831
SP135463,DO52153
SP72262,DO32875
SP107034,DO48694
SP69705,DO32863
SP124444,DO220905
SP125761,DO51512
SP107786,DO49080
SP13365,DO6436
SP79411,DO36107
SP50177,DO23548
SP117661,DO51483
SP101548,DO46340
SP125776,DO35198
SP101523,DO46329
SP103742,DO47174
SP116654,DO52669
SP59308,DO27781
SP50179,DO23549
SP59288,DO27771
SP98885,DO45081
SP124365,DO220880
SP111164,DO50441
SP79279,DO35976
SP117930,DO218695
SP112877,DO51095
SP102090,DO46571
SP112871,DO51092
SP107362,DO48894
SP99237,DO45257
SP116252,DO52509
SP71576,DO33408
SP115099,DO7136
SP79451,DO36147
SP2357,DO1020
SP124420,DO220896
SP116764,DO52716
SP103555,DO47108
SP101795,DO46448
SP117261,DO49420
SP99241,DO45259
SP116622,DO52656
SP78722,DO35577
SP111057,DO50409
SP117482,DO218280
SP116278,DO52514
SP103523,DO47096
SP111119,DO50389
SP2143,DO1000
SP2144,DO1001
SP2145,DO1002
SP2147,DO1004
SP2146,DO1003
SP2149,DO1006
SP2148,DO1005
SP2150,DO1007
SP2152,DO1009
SP2349,DO1018
SP2155,DO1012
SP2154,DO1011
SP2153,DO1010
SP2160,DO1017
SP2151,DO1008
SP97681,DO44740
SP107037,DO48695
SP79231,DO35928
SP111095,DO50348
SP125698,DO51530
SP103575,DO47116
SP125714,DO51502
SP108123,DO49204
SP107041,DO48697
SP135182,DO218068
SP112875,DO51094
SP79225,DO35922
SP74896,DO34312
SP116772,DO52720
SP59316,DO27785
SP23431,DO10806
SP102187,DO46611
SP50181,DO23550
SP112913,DO51113
SP78729,DO35584
SP101515,DO46325
SP103045,DO46925
SP71950,DO33544
SP117113,DO217939
SP117402,DO218205
SP117136,DO217962
SP117378,DO218182
SP116947,DO217787
SP117369,DO218173
SP112849,DO51081
SP117244,DO218059
SP117162,DO217987
SP124191,DO220820
SP117079,DO217908
SP117344,DO218150
SP118074,DO218828
SP117598,DO218388
SP117312,DO218121
SP118038,DO218796
SP117552,DO218347
SP118073,DO218827
SP117933,DO218698
SP118012,DO218770
SP124364,DO220873
SP101931,DO46503
SP99249,DO45263
SP135422,DO52143
SP112881,DO51097
SP107441,DO48923
SP116815,DO52735
SP116853,DO52743
SP116901,DO52756
SP116830,DO52738
SP116868,DO52747
SP116802,DO52732
SP116788,DO52727
SP116885,DO52751
SP116834,DO52739
SP116913,DO52760
SP116799,DO52732
SP116920,DO52762
SP116835,DO52739
SP116852,DO52743
SP116789,DO52727
SP116902,DO52756
SP116871,DO52749
SP116820,DO52736
SP116889,DO52752
SP116923,DO52762
SP116829,DO52738
SP116872,DO52749
SP116794,DO52729
SP116904,DO52757
SP116806,DO52733
SP116857,DO52744
SP116888,DO52752
SP116818,DO52736
SP116837,DO52740
SP116791,DO52729
SP116905,DO52757
SP116804,DO52733
SP116819,DO52736
SP116856,DO52744
SP116839,DO52740
SP116925,DO52763
SP116878,DO52750
SP116893,DO52753
SP116876,DO52750
SP116927,DO52763
SP116909,DO52758
SP116795,DO52731
SP116826,DO52737
SP116891,DO52753
SP116860,DO52745
SP116231,DO52508
SP116848,DO52742
SP116910,DO52758
SP116797,DO52731
SP116862,DO52745
SP116823,DO52737
SP116897,DO52754
SP116846,DO52742
SP116784,DO52726
SP116896,DO52754
SP116824,DO52737
SP116881,DO52751
SP116812,DO52735
SP116915,DO52760
SP116786,DO52726
SP116866,DO52747
SP116919,DO52761
SP116851,DO52743
SP77972,DO35186
SP99253,DO45265
SP59324,DO27789
SP112989,DO51151
SP101610,DO46368
SP103455,DO47072
SP125579,DO221503
SP111131,DO50424
SP111126,DO50419
SP111146,DO50428
SP111123,DO50416
SP111127,DO50420
SP111121,DO50414
SP111156,DO50432
SP111122,DO50415
SP111129,DO50422
SP111152,DO50430
SP111154,DO50431
SP111124,DO50417
SP111128,DO50421
SP111145,DO50427
SP111143,DO50425
SP111125,DO50418
SP111130,DO50423
SP125584,DO221504
SP111144,DO50426
SP116697,DO52686
SP108049,DO49178
SP109003,DO49533
SP96888,DO6946
SP77866,DO35132
SP111064,DO50337
SP50183,DO23551
SP13327,DO6398
SP117003,DO217836
SP99257,DO45267
SP106758,DO48557
SP124307,DO220852
SP116341,DO52543
SP116331,DO52538
SP116351,DO52548
SP116371,DO52558
SP116361,DO52553
SP116343,DO52544
SP116333,DO52539
SP116373,DO52559
SP116363,DO52554
SP116353,DO52549
SP116345,DO52545
SP116365,DO52555
SP116375,DO52560
SP116335,DO52540
SP117812,DO218583
SP117354,DO218159
SP117370,DO218174
SP117956,DO218719
SP116991,DO217826
SP117629,DO218419
SP124199,DO220824
SP124195,DO220822
SP117850,DO218621
SP117127,DO217953
SP117614,DO218404
SP116948,DO217788
SP117409,DO218212
SP117593,DO218384
SP117372,DO218176
SP118077,DO218831
SP117840,DO218611
SP117363,DO218168
SP117887,DO218656
SP116946,DO217786
SP117901,DO218669
SP117454,DO218254
SP117247,DO218062
SP124197,DO220823
SP117983,DO218742
SP117676,DO218457
SP117011,DO217844
SP117728,DO218506
SP117698,DO218478
SP117618,DO218408
SP117257,DO218072
SP117078,DO217907
SP117944,DO218709
SP117362,DO218167
SP117470,DO218269
SP117586,DO218377
SP117639,DO218428
SP117834,DO218605
SP117105,DO217931
SP117785,DO218560
SP117882,DO218651
SP117709,DO218488
SP124201,DO220825
SP117778,DO218553
SP117032,DO217865
SP117710,DO218489
SP117538,DO218333
SP124207,DO220828
SP117800,DO218573
SP117724,DO218502
SP116355,DO52550
SP116347,DO52546
SP116367,DO52556
SP106835,DO36221
SP106834,DO36221
SP106825,DO48577
SP106841,DO36223
SP106827,DO48577
SP106833,DO36221
SP106839,DO36223
SP116339,DO52542
SP116357,DO52551
SP116359,DO52552
SP106840,DO36223
SP106828,DO48577
SP106829,DO48577
SP116369,DO52557
SP106836,DO36221
SP106837,DO36221
SP116377,DO52561
SP116379,DO52562
SP78873,DO35676
SP59304,DO27779
SP116250,DO52509
SP125704,DO35406
SP116620,DO52655
SP107044,DO48700
SP112951,DO51132
SP79267,DO35964
SP135484,DO52159
SP117290,DO49463
SP103856,DO47249
SP112845,DO51079
SP116740,DO52704
SP50185,DO23552
SP125738,DO51503
